__documents,__norm,__class,hi,bye,are,you,fine,hello,goodby
Hi,0.6989700043360187,welcome,0.6989700043360187,0.0,0.0,0.0,0.0,0.0,0.0
Bye,0.6989700043360187,goodbyes,0.0,0.6989700043360187,0.0,0.0,0.0,0.0,0.0
Are you fine?,0.40355052015887427,feelings,0.0,0.0,0.23299000144533957,0.23299000144533957,0.23299000144533957,0.0,0.0
Hello,0.6989700043360187,welcome,0.0,0.0,0.0,0.0,0.0,0.6989700043360187,0.0
Goodbye,0.6989700043360187,goodbyes,0.0,0.0,0.0,0.0,0.0,0.0,0.6989700043360187
